slot,review_issue,review_issue_url,related_issues
accession_id,5,https://github.com/FAIR-eDNA/FAIRe-GSC-TDWG-term-review/issues/5,
accession_id_ref_db,6,https://github.com/FAIR-eDNA/FAIRe-GSC-TDWG-term-review/issues/6,
accessRights,342,https://github.com/FAIR-eDNA/FAIRe-GSC-TDWG-term-review/issues/342,4
adapter_forward,7,https://github.com/FAIR-eDNA/FAIRe-GSC-TDWG-term-review/issues/7,
adapter_reverse,8,https://github.com/FAIR-eDNA/FAIRe-GSC-TDWG-term-review/issues/8,
alt,9,https://github.com/FAIR-eDNA/FAIRe-GSC-TDWG-term-review/issues/9,
amp_vis_method,10,https://github.com/FAIR-eDNA/FAIRe-GSC-TDWG-term-review/issues/10,
ampliconSize,11,https://github.com/FAIR-eDNA/FAIRe-GSC-TDWG-term-review/issues/11,
amplificationReactionVolume,12,https://github.com/FAIR-eDNA/FAIRe-GSC-TDWG-term-review/issues/12,
annealingTemp,13,https://github.com/FAIR-eDNA/FAIRe-GSC-TDWG-term-review/issues/13,
assay_name,14,https://github.com/FAIR-eDNA/FAIRe-GSC-TDWG-term-review/issues/14,
assay_type,15,https://github.com/FAIR-eDNA/FAIRe-GSC-TDWG-term-review/issues/15,
assay_validation,16,https://github.com/FAIR-eDNA/FAIRe-GSC-TDWG-term-review/issues/16,
associated_resource,18,https://github.com/FAIR-eDNA/FAIRe-GSC-TDWG-term-review/issues/18,
associatedSequences,17,https://github.com/FAIR-eDNA/FAIRe-GSC-TDWG-term-review/issues/17,
automaticBaselineValue,19,https://github.com/FAIR-eDNA/FAIRe-GSC-TDWG-term-review/issues/19,
automaticThresholdQuantificationCycle,20,https://github.com/FAIR-eDNA/FAIRe-GSC-TDWG-term-review/issues/20,
barcoding_pcr_appr,21,https://github.com/FAIR-eDNA/FAIRe-GSC-TDWG-term-review/issues/21,
baselineValue,22,https://github.com/FAIR-eDNA/FAIRe-GSC-TDWG-term-review/issues/22,
bibliographicCitation,23,https://github.com/FAIR-eDNA/FAIRe-GSC-TDWG-term-review/issues/23,
bioinfo_method_additional,24,https://github.com/FAIR-eDNA/FAIRe-GSC-TDWG-term-review/issues/24,
biological_rep,25,https://github.com/FAIR-eDNA/FAIRe-GSC-TDWG-term-review/issues/25,
biological_rep_relation,26,https://github.com/FAIR-eDNA/FAIRe-GSC-TDWG-term-review/issues/26,
block_ref,27,https://github.com/FAIR-eDNA/FAIRe-GSC-TDWG-term-review/issues/27,
block_seq,28,https://github.com/FAIR-eDNA/FAIRe-GSC-TDWG-term-review/issues/28,
block_taxa,29,https://github.com/FAIR-eDNA/FAIRe-GSC-TDWG-term-review/issues/29,
checkls_ver,30,https://github.com/FAIR-eDNA/FAIRe-GSC-TDWG-term-review/issues/30,
checksum_filename,31,https://github.com/FAIR-eDNA/FAIRe-GSC-TDWG-term-review/issues/31,
checksum_filename2,32,https://github.com/FAIR-eDNA/FAIRe-GSC-TDWG-term-review/issues/32,
checksum_method,33,https://github.com/FAIR-eDNA/FAIRe-GSC-TDWG-term-review/issues/33,
chimera_check_method,34,https://github.com/FAIR-eDNA/FAIRe-GSC-TDWG-term-review/issues/34,
chimera_check_param,35,https://github.com/FAIR-eDNA/FAIRe-GSC-TDWG-term-review/issues/35,
chlorophyll,36,https://github.com/FAIR-eDNA/FAIRe-GSC-TDWG-term-review/issues/36,
class,37,https://github.com/FAIR-eDNA/FAIRe-GSC-TDWG-term-review/issues/37,
code_repo,38,https://github.com/FAIR-eDNA/FAIRe-GSC-TDWG-term-review/issues/38,
commercial_mm,39,https://github.com/FAIR-eDNA/FAIRe-GSC-TDWG-term-review/issues/39,
concentration,40,https://github.com/FAIR-eDNA/FAIRe-GSC-TDWG-term-review/issues/40,
concentration_method,41,https://github.com/FAIR-eDNA/FAIRe-GSC-TDWG-term-review/issues/41,
concentration_unit,42,https://github.com/FAIR-eDNA/FAIRe-GSC-TDWG-term-review/issues/42,
confidence_score,43,https://github.com/FAIR-eDNA/FAIRe-GSC-TDWG-term-review/issues/43,
custom_mm,44,https://github.com/FAIR-eDNA/FAIRe-GSC-TDWG-term-review/issues/44,
dataGeneralizations,45,https://github.com/FAIR-eDNA/FAIRe-GSC-TDWG-term-review/issues/45,
date_ext,46,https://github.com/FAIR-eDNA/FAIRe-GSC-TDWG-term-review/issues/46,
decimalLatitude,47,https://github.com/FAIR-eDNA/FAIRe-GSC-TDWG-term-review/issues/47,
decimalLongitude,48,https://github.com/FAIR-eDNA/FAIRe-GSC-TDWG-term-review/issues/48,
demux_max_mismatch,49,https://github.com/FAIR-eDNA/FAIRe-GSC-TDWG-term-review/issues/49,
demux_tool,50,https://github.com/FAIR-eDNA/FAIRe-GSC-TDWG-term-review/issues/50,
detected_notDetected,51,https://github.com/FAIR-eDNA/FAIRe-GSC-TDWG-term-review/issues/51,
detection_criteria,52,https://github.com/FAIR-eDNA/FAIRe-GSC-TDWG-term-review/issues/52,
diss_inorg_carb,53,https://github.com/FAIR-eDNA/FAIRe-GSC-TDWG-term-review/issues/53,
diss_inorg_carb_unit,54,https://github.com/FAIR-eDNA/FAIRe-GSC-TDWG-term-review/issues/54,
diss_inorg_nitro,55,https://github.com/FAIR-eDNA/FAIRe-GSC-TDWG-term-review/issues/55,
diss_inorg_nitro_unit,56,https://github.com/FAIR-eDNA/FAIRe-GSC-TDWG-term-review/issues/56,
diss_org_carb,57,https://github.com/FAIR-eDNA/FAIRe-GSC-TDWG-term-review/issues/57,
diss_org_carb_unit,58,https://github.com/FAIR-eDNA/FAIRe-GSC-TDWG-term-review/issues/58,
diss_org_nitro,59,https://github.com/FAIR-eDNA/FAIRe-GSC-TDWG-term-review/issues/59,
diss_org_nitro_unit,60,https://github.com/FAIR-eDNA/FAIRe-GSC-TDWG-term-review/issues/60,
diss_oxygen,61,https://github.com/FAIR-eDNA/FAIRe-GSC-TDWG-term-review/issues/61,
diss_oxygen_unit,62,https://github.com/FAIR-eDNA/FAIRe-GSC-TDWG-term-review/issues/62,
dna_cleanup_0_1,63,https://github.com/FAIR-eDNA/FAIRe-GSC-TDWG-term-review/issues/63,
dna_cleanup_method,64,https://github.com/FAIR-eDNA/FAIRe-GSC-TDWG-term-review/issues/64,
dna_sequence,65,https://github.com/FAIR-eDNA/FAIRe-GSC-TDWG-term-review/issues/65,
dna_store_loc,66,https://github.com/FAIR-eDNA/FAIRe-GSC-TDWG-term-review/issues/66,
efficiency,67,https://github.com/FAIR-eDNA/FAIRe-GSC-TDWG-term-review/issues/67,
elev,68,https://github.com/FAIR-eDNA/FAIRe-GSC-TDWG-term-review/issues/68,
env_broad_scale,69,https://github.com/FAIR-eDNA/FAIRe-GSC-TDWG-term-review/issues/69,
env_local_scale,70,https://github.com/FAIR-eDNA/FAIRe-GSC-TDWG-term-review/issues/70,
env_medium,71,https://github.com/FAIR-eDNA/FAIRe-GSC-TDWG-term-review/issues/71,
error_rate_cutoff,72,https://github.com/FAIR-eDNA/FAIRe-GSC-TDWG-term-review/issues/72,
error_rate_tool,73,https://github.com/FAIR-eDNA/FAIRe-GSC-TDWG-term-review/issues/73,
error_rate_type,74,https://github.com/FAIR-eDNA/FAIRe-GSC-TDWG-term-review/issues/74,
estimatedNumberOfCopies,75,https://github.com/FAIR-eDNA/FAIRe-GSC-TDWG-term-review/issues/75,
estimatedNumberOfCopies_error,76,https://github.com/FAIR-eDNA/FAIRe-GSC-TDWG-term-review/issues/76,
estimatedNumberOfCopies_error_type,77,https://github.com/FAIR-eDNA/FAIRe-GSC-TDWG-term-review/issues/77,
estimatedNumberOfCopies_method,78,https://github.com/FAIR-eDNA/FAIRe-GSC-TDWG-term-review/issues/78,
estimatedNumberOfCopies_unit,79,https://github.com/FAIR-eDNA/FAIRe-GSC-TDWG-term-review/issues/79,
eventDate,80,https://github.com/FAIR-eDNA/FAIRe-GSC-TDWG-term-review/issues/80,
eventDurationValue,81,https://github.com/FAIR-eDNA/FAIRe-GSC-TDWG-term-review/issues/81,
family,82,https://github.com/FAIR-eDNA/FAIRe-GSC-TDWG-term-review/issues/82,
filename,83,https://github.com/FAIR-eDNA/FAIRe-GSC-TDWG-term-review/issues/83,
filename2,84,https://github.com/FAIR-eDNA/FAIRe-GSC-TDWG-term-review/issues/84,
filter_diameter,85,https://github.com/FAIR-eDNA/FAIRe-GSC-TDWG-term-review/issues/85,
filter_material,86,https://github.com/FAIR-eDNA/FAIRe-GSC-TDWG-term-review/issues/86,
filter_name,87,https://github.com/FAIR-eDNA/FAIRe-GSC-TDWG-term-review/issues/87,
filter_passive_active_0_1,88,https://github.com/FAIR-eDNA/FAIRe-GSC-TDWG-term-review/issues/88,
filter_surface_area,89,https://github.com/FAIR-eDNA/FAIRe-GSC-TDWG-term-review/issues/89,
genus,90,https://github.com/FAIR-eDNA/FAIRe-GSC-TDWG-term-review/issues/90,
geo_loc_name,91,https://github.com/FAIR-eDNA/FAIRe-GSC-TDWG-term-review/issues/91,
habitat_natural_artificial_0_1,93,https://github.com/FAIR-eDNA/FAIRe-GSC-TDWG-term-review/issues/93,
host_height,94,https://github.com/FAIR-eDNA/FAIRe-GSC-TDWG-term-review/issues/94,
host_height_unit,95,https://github.com/FAIR-eDNA/FAIRe-GSC-TDWG-term-review/issues/95,
host_length,96,https://github.com/FAIR-eDNA/FAIRe-GSC-TDWG-term-review/issues/96,
host_length_unit,97,https://github.com/FAIR-eDNA/FAIRe-GSC-TDWG-term-review/issues/97,
host_life_stage,98,https://github.com/FAIR-eDNA/FAIRe-GSC-TDWG-term-review/issues/98,
host_species,99,https://github.com/FAIR-eDNA/FAIRe-GSC-TDWG-term-review/issues/99,
host_tot_mass,100,https://github.com/FAIR-eDNA/FAIRe-GSC-TDWG-term-review/issues/100,
host_tot_mass_unit,101,https://github.com/FAIR-eDNA/FAIRe-GSC-TDWG-term-review/issues/101,
humidity,102,https://github.com/FAIR-eDNA/FAIRe-GSC-TDWG-term-review/issues/102,
identificationRemarks,103,https://github.com/FAIR-eDNA/FAIRe-GSC-TDWG-term-review/issues/103,
informationWithheld,104,https://github.com/FAIR-eDNA/FAIRe-GSC-TDWG-term-review/issues/104,
inhibition_check,105,https://github.com/FAIR-eDNA/FAIRe-GSC-TDWG-term-review/issues/105,
inhibition_check_0_1,106,https://github.com/FAIR-eDNA/FAIRe-GSC-TDWG-term-review/issues/106,
input_read_count,107,https://github.com/FAIR-eDNA/FAIRe-GSC-TDWG-term-review/issues/107,
institution,108,https://github.com/FAIR-eDNA/FAIRe-GSC-TDWG-term-review/issues/108,
institutionID,109,https://github.com/FAIR-eDNA/FAIRe-GSC-TDWG-term-review/issues/109,
instrument,110,https://github.com/FAIR-eDNA/FAIRe-GSC-TDWG-term-review/issues/110,
intercept,111,https://github.com/FAIR-eDNA/FAIRe-GSC-TDWG-term-review/issues/111,
kingdom,112,https://github.com/FAIR-eDNA/FAIRe-GSC-TDWG-term-review/issues/112,
lib_conc,113,https://github.com/FAIR-eDNA/FAIRe-GSC-TDWG-term-review/issues/113,
lib_conc_meth,114,https://github.com/FAIR-eDNA/FAIRe-GSC-TDWG-term-review/issues/114,
lib_conc_unit,115,https://github.com/FAIR-eDNA/FAIRe-GSC-TDWG-term-review/issues/115,
lib_id,116,https://github.com/FAIR-eDNA/FAIRe-GSC-TDWG-term-review/issues/116,
lib_layout,117,https://github.com/FAIR-eDNA/FAIRe-GSC-TDWG-term-review/issues/117,
lib_screen,118,https://github.com/FAIR-eDNA/FAIRe-GSC-TDWG-term-review/issues/118,
license,119,https://github.com/FAIR-eDNA/FAIRe-GSC-TDWG-term-review/issues/119,
light_intensity,120,https://github.com/FAIR-eDNA/FAIRe-GSC-TDWG-term-review/issues/120,
lod_method,121,https://github.com/FAIR-eDNA/FAIRe-GSC-TDWG-term-review/issues/121,
loq_method,122,https://github.com/FAIR-eDNA/FAIRe-GSC-TDWG-term-review/issues/122,
materialSampleID,123,https://github.com/FAIR-eDNA/FAIRe-GSC-TDWG-term-review/issues/123,
maximumDepthInMeters,124,https://github.com/FAIR-eDNA/FAIRe-GSC-TDWG-term-review/issues/124,
merge_min_overlap,125,https://github.com/FAIR-eDNA/FAIRe-GSC-TDWG-term-review/issues/125,
merge_tool,126,https://github.com/FAIR-eDNA/FAIRe-GSC-TDWG-term-review/issues/126,
mid_forward,127,https://github.com/FAIR-eDNA/FAIRe-GSC-TDWG-term-review/issues/127,
mid_reverse,128,https://github.com/FAIR-eDNA/FAIRe-GSC-TDWG-term-review/issues/128,
min_len_cutoff,129,https://github.com/FAIR-eDNA/FAIRe-GSC-TDWG-term-review/issues/129,
min_len_tool,130,https://github.com/FAIR-eDNA/FAIRe-GSC-TDWG-term-review/issues/130,
min_reads_cutoff,131,https://github.com/FAIR-eDNA/FAIRe-GSC-TDWG-term-review/issues/131,
min_reads_cutoff_unit,132,https://github.com/FAIR-eDNA/FAIRe-GSC-TDWG-term-review/issues/132,
min_reads_tool,133,https://github.com/FAIR-eDNA/FAIRe-GSC-TDWG-term-review/issues/133,
minimumDepthInMeters,134,https://github.com/FAIR-eDNA/FAIRe-GSC-TDWG-term-review/issues/134,
mod_date,135,https://github.com/FAIR-eDNA/FAIRe-GSC-TDWG-term-review/issues/135,
neg_cont_0_1,136,https://github.com/FAIR-eDNA/FAIRe-GSC-TDWG-term-review/issues/136,
neg_cont_type,137,https://github.com/FAIR-eDNA/FAIRe-GSC-TDWG-term-review/issues/137,1
nitrate,138,https://github.com/FAIR-eDNA/FAIRe-GSC-TDWG-term-review/issues/138,
nitrate_unit,139,https://github.com/FAIR-eDNA/FAIRe-GSC-TDWG-term-review/issues/139,
nitrite,140,https://github.com/FAIR-eDNA/FAIRe-GSC-TDWG-term-review/issues/140,
nitrite_unit,141,https://github.com/FAIR-eDNA/FAIRe-GSC-TDWG-term-review/issues/141,
nitro,142,https://github.com/FAIR-eDNA/FAIRe-GSC-TDWG-term-review/issues/142,
nitro_unit,143,https://github.com/FAIR-eDNA/FAIRe-GSC-TDWG-term-review/issues/143,
nucl_acid_amp,144,https://github.com/FAIR-eDNA/FAIRe-GSC-TDWG-term-review/issues/144,
nucl_acid_ext,145,https://github.com/FAIR-eDNA/FAIRe-GSC-TDWG-term-review/issues/145,
nucl_acid_ext_kit,146,https://github.com/FAIR-eDNA/FAIRe-GSC-TDWG-term-review/issues/146,
nucl_acid_ext_lysis,147,https://github.com/FAIR-eDNA/FAIRe-GSC-TDWG-term-review/issues/147,
nucl_acid_ext_method_additional,148,https://github.com/FAIR-eDNA/FAIRe-GSC-TDWG-term-review/issues/148,
nucl_acid_ext_modify,149,https://github.com/FAIR-eDNA/FAIRe-GSC-TDWG-term-review/issues/149,
nucl_acid_ext_sep,150,https://github.com/FAIR-eDNA/FAIRe-GSC-TDWG-term-review/issues/150,
num_detect,151,https://github.com/FAIR-eDNA/FAIRe-GSC-TDWG-term-review/issues/151,
order,152,https://github.com/FAIR-eDNA/FAIRe-GSC-TDWG-term-review/issues/152,
org_carb,153,https://github.com/FAIR-eDNA/FAIRe-GSC-TDWG-term-review/issues/153,
org_carb_unit,154,https://github.com/FAIR-eDNA/FAIRe-GSC-TDWG-term-review/issues/154,
org_matter,155,https://github.com/FAIR-eDNA/FAIRe-GSC-TDWG-term-review/issues/155,
org_matter_unit,156,https://github.com/FAIR-eDNA/FAIRe-GSC-TDWG-term-review/issues/156,
org_nitro,157,https://github.com/FAIR-eDNA/FAIRe-GSC-TDWG-term-review/issues/157,
org_nitro_unit,158,https://github.com/FAIR-eDNA/FAIRe-GSC-TDWG-term-review/issues/158,
otu_clust_cutoff,159,https://github.com/FAIR-eDNA/FAIRe-GSC-TDWG-term-review/issues/159,
otu_clust_tool,160,https://github.com/FAIR-eDNA/FAIRe-GSC-TDWG-term-review/issues/160,
otu_db,161,https://github.com/FAIR-eDNA/FAIRe-GSC-TDWG-term-review/issues/161,
otu_db_custom,162,https://github.com/FAIR-eDNA/FAIRe-GSC-TDWG-term-review/issues/162,
otu_final_description,163,https://github.com/FAIR-eDNA/FAIRe-GSC-TDWG-term-review/issues/163,
otu_num_tax_assigned,164,https://github.com/FAIR-eDNA/FAIRe-GSC-TDWG-term-review/issues/164,
otu_raw_description,165,https://github.com/FAIR-eDNA/FAIRe-GSC-TDWG-term-review/issues/165,
otu_seq_comp_appr,166,https://github.com/FAIR-eDNA/FAIRe-GSC-TDWG-term-review/issues/166,
output_otu_num,167,https://github.com/FAIR-eDNA/FAIRe-GSC-TDWG-term-review/issues/167,
output_read_count,168,https://github.com/FAIR-eDNA/FAIRe-GSC-TDWG-term-review/issues/168,
parent_project_id,169,https://github.com/FAIR-eDNA/FAIRe-GSC-TDWG-term-review/issues/169,
part_org_carb,170,https://github.com/FAIR-eDNA/FAIRe-GSC-TDWG-term-review/issues/170,
part_org_carb_unit,171,https://github.com/FAIR-eDNA/FAIRe-GSC-TDWG-term-review/issues/171,
part_org_nitro,172,https://github.com/FAIR-eDNA/FAIRe-GSC-TDWG-term-review/issues/172,
part_org_nitro_unit,173,https://github.com/FAIR-eDNA/FAIRe-GSC-TDWG-term-review/issues/173,
pcr2_amplificationReactionVolume,174,https://github.com/FAIR-eDNA/FAIRe-GSC-TDWG-term-review/issues/174,
pcr2_analysis_software,175,https://github.com/FAIR-eDNA/FAIRe-GSC-TDWG-term-review/issues/175,
pcr2_annealingTemp,176,https://github.com/FAIR-eDNA/FAIRe-GSC-TDWG-term-review/issues/176,
pcr2_commercial_mm,177,https://github.com/FAIR-eDNA/FAIRe-GSC-TDWG-term-review/issues/177,
pcr2_cond,178,https://github.com/FAIR-eDNA/FAIRe-GSC-TDWG-term-review/issues/178,
pcr2_custom_mm,179,https://github.com/FAIR-eDNA/FAIRe-GSC-TDWG-term-review/issues/179,
pcr2_cycles,180,https://github.com/FAIR-eDNA/FAIRe-GSC-TDWG-term-review/issues/180,
pcr2_dna_vol,181,https://github.com/FAIR-eDNA/FAIRe-GSC-TDWG-term-review/issues/181,
pcr2_method_additional,182,https://github.com/FAIR-eDNA/FAIRe-GSC-TDWG-term-review/issues/182,
pcr2_plate_id,183,https://github.com/FAIR-eDNA/FAIRe-GSC-TDWG-term-review/issues/183,
pcr2_thermocycler,184,https://github.com/FAIR-eDNA/FAIRe-GSC-TDWG-term-review/issues/184,
pcr_0_1,185,https://github.com/FAIR-eDNA/FAIRe-GSC-TDWG-term-review/issues/185,
pcr_analysis_software,186,https://github.com/FAIR-eDNA/FAIRe-GSC-TDWG-term-review/issues/186,
pcr_assay_lod,187,https://github.com/FAIR-eDNA/FAIRe-GSC-TDWG-term-review/issues/187,
pcr_assay_lod_LL,188,https://github.com/FAIR-eDNA/FAIRe-GSC-TDWG-term-review/issues/188,
pcr_assay_lod_techreps,190,https://github.com/FAIR-eDNA/FAIRe-GSC-TDWG-term-review/issues/190,
pcr_assay_lod_UL,189,https://github.com/FAIR-eDNA/FAIRe-GSC-TDWG-term-review/issues/189,
pcr_assay_lod_unit,191,https://github.com/FAIR-eDNA/FAIRe-GSC-TDWG-term-review/issues/191,
pcr_assay_loq,192,https://github.com/FAIR-eDNA/FAIRe-GSC-TDWG-term-review/issues/192,
pcr_assay_loq_LL,193,https://github.com/FAIR-eDNA/FAIRe-GSC-TDWG-term-review/issues/193,
pcr_assay_loq_techreps,195,https://github.com/FAIR-eDNA/FAIRe-GSC-TDWG-term-review/issues/195,
pcr_assay_loq_UL,194,https://github.com/FAIR-eDNA/FAIRe-GSC-TDWG-term-review/issues/194,
pcr_assay_loq_unit,196,https://github.com/FAIR-eDNA/FAIRe-GSC-TDWG-term-review/issues/196,
pcr_cond,197,https://github.com/FAIR-eDNA/FAIRe-GSC-TDWG-term-review/issues/197,
pcr_cycles,198,https://github.com/FAIR-eDNA/FAIRe-GSC-TDWG-term-review/issues/198,
pcr_dna_vol,199,https://github.com/FAIR-eDNA/FAIRe-GSC-TDWG-term-review/issues/199,
pcr_method_additional,200,https://github.com/FAIR-eDNA/FAIRe-GSC-TDWG-term-review/issues/200,
pcr_plate_id,201,https://github.com/FAIR-eDNA/FAIRe-GSC-TDWG-term-review/issues/201,
pcr_primer_conc_forward,202,https://github.com/FAIR-eDNA/FAIRe-GSC-TDWG-term-review/issues/202,
pcr_primer_conc_reverse,203,https://github.com/FAIR-eDNA/FAIRe-GSC-TDWG-term-review/issues/203,
pcr_primer_forward,204,https://github.com/FAIR-eDNA/FAIRe-GSC-TDWG-term-review/issues/204,
pcr_primer_name_forward,205,https://github.com/FAIR-eDNA/FAIRe-GSC-TDWG-term-review/issues/205,
pcr_primer_name_reverse,206,https://github.com/FAIR-eDNA/FAIRe-GSC-TDWG-term-review/issues/206,
pcr_primer_reference_forward,207,https://github.com/FAIR-eDNA/FAIRe-GSC-TDWG-term-review/issues/207,
pcr_primer_reference_reverse,208,https://github.com/FAIR-eDNA/FAIRe-GSC-TDWG-term-review/issues/208,
pcr_primer_reverse,209,https://github.com/FAIR-eDNA/FAIRe-GSC-TDWG-term-review/issues/209,
pcr_primer_vol_forward,210,https://github.com/FAIR-eDNA/FAIRe-GSC-TDWG-term-review/issues/210,
pcr_primer_vol_reverse,211,https://github.com/FAIR-eDNA/FAIRe-GSC-TDWG-term-review/issues/211,
pcr_rep,212,https://github.com/FAIR-eDNA/FAIRe-GSC-TDWG-term-review/issues/212,
percent_match,213,https://github.com/FAIR-eDNA/FAIRe-GSC-TDWG-term-review/issues/213,
percent_query_cover,214,https://github.com/FAIR-eDNA/FAIRe-GSC-TDWG-term-review/issues/214,
ph,215,https://github.com/FAIR-eDNA/FAIRe-GSC-TDWG-term-review/issues/215,
ph_meth,216,https://github.com/FAIR-eDNA/FAIRe-GSC-TDWG-term-review/issues/216,
phix_perc,217,https://github.com/FAIR-eDNA/FAIRe-GSC-TDWG-term-review/issues/217,
phylum,218,https://github.com/FAIR-eDNA/FAIRe-GSC-TDWG-term-review/issues/218,
platform,219,https://github.com/FAIR-eDNA/FAIRe-GSC-TDWG-term-review/issues/219,
pool_dna_num,220,https://github.com/FAIR-eDNA/FAIRe-GSC-TDWG-term-review/issues/220,
pos_cont_0_1,221,https://github.com/FAIR-eDNA/FAIRe-GSC-TDWG-term-review/issues/221,
pos_cont_type,222,https://github.com/FAIR-eDNA/FAIRe-GSC-TDWG-term-review/issues/222,
precip_chem_prep,223,https://github.com/FAIR-eDNA/FAIRe-GSC-TDWG-term-review/issues/223,
precip_force_prep,224,https://github.com/FAIR-eDNA/FAIRe-GSC-TDWG-term-review/issues/224,
precip_temp_prep,225,https://github.com/FAIR-eDNA/FAIRe-GSC-TDWG-term-review/issues/225,
precip_time_prep,226,https://github.com/FAIR-eDNA/FAIRe-GSC-TDWG-term-review/issues/226,
prefilter_material,227,https://github.com/FAIR-eDNA/FAIRe-GSC-TDWG-term-review/issues/227,
prep_method_additional,228,https://github.com/FAIR-eDNA/FAIRe-GSC-TDWG-term-review/issues/228,
prepped_samp_store_dur,229,https://github.com/FAIR-eDNA/FAIRe-GSC-TDWG-term-review/issues/229,
prepped_samp_store_sol,230,https://github.com/FAIR-eDNA/FAIRe-GSC-TDWG-term-review/issues/230,
prepped_samp_store_temp,231,https://github.com/FAIR-eDNA/FAIRe-GSC-TDWG-term-review/issues/231,
probe_conc,234,https://github.com/FAIR-eDNA/FAIRe-GSC-TDWG-term-review/issues/234,
probe_ref,235,https://github.com/FAIR-eDNA/FAIRe-GSC-TDWG-term-review/issues/235,
probe_seq,236,https://github.com/FAIR-eDNA/FAIRe-GSC-TDWG-term-review/issues/236,
probeQuencher,232,https://github.com/FAIR-eDNA/FAIRe-GSC-TDWG-term-review/issues/232,
probeReporter,233,https://github.com/FAIR-eDNA/FAIRe-GSC-TDWG-term-review/issues/233,
project_contact,237,https://github.com/FAIR-eDNA/FAIRe-GSC-TDWG-term-review/issues/237,
project_id,238,https://github.com/FAIR-eDNA/FAIRe-GSC-TDWG-term-review/issues/238,
project_name,239,https://github.com/FAIR-eDNA/FAIRe-GSC-TDWG-term-review/issues/239,
pump_flow_rate,240,https://github.com/FAIR-eDNA/FAIRe-GSC-TDWG-term-review/issues/240,
pump_flow_rate_unit,241,https://github.com/FAIR-eDNA/FAIRe-GSC-TDWG-term-review/issues/241,
quantificationCycle,242,https://github.com/FAIR-eDNA/FAIRe-GSC-TDWG-term-review/issues/242,
r2,243,https://github.com/FAIR-eDNA/FAIRe-GSC-TDWG-term-review/issues/243,
ratioOfAbsorbance260_280,244,https://github.com/FAIR-eDNA/FAIRe-GSC-TDWG-term-review/issues/244,
recordedBy,245,https://github.com/FAIR-eDNA/FAIRe-GSC-TDWG-term-review/issues/245,
recordedByID,246,https://github.com/FAIR-eDNA/FAIRe-GSC-TDWG-term-review/issues/246,
rel_cont_id,247,https://github.com/FAIR-eDNA/FAIRe-GSC-TDWG-term-review/issues/247,
rfu,248,https://github.com/FAIR-eDNA/FAIRe-GSC-TDWG-term-review/issues/248,
rightsHolder,249,https://github.com/FAIR-eDNA/FAIRe-GSC-TDWG-term-review/issues/249,
salinity,250,https://github.com/FAIR-eDNA/FAIRe-GSC-TDWG-term-review/issues/250,
samp_category,251,https://github.com/FAIR-eDNA/FAIRe-GSC-TDWG-term-review/issues/251,2
samp_collect_device,252,https://github.com/FAIR-eDNA/FAIRe-GSC-TDWG-term-review/issues/252,
samp_collect_method,253,https://github.com/FAIR-eDNA/FAIRe-GSC-TDWG-term-review/issues/253,
samp_mat_process,254,https://github.com/FAIR-eDNA/FAIRe-GSC-TDWG-term-review/issues/254,
samp_name,255,https://github.com/FAIR-eDNA/FAIRe-GSC-TDWG-term-review/issues/255,
samp_size,256,https://github.com/FAIR-eDNA/FAIRe-GSC-TDWG-term-review/issues/256,
samp_size_unit,257,https://github.com/FAIR-eDNA/FAIRe-GSC-TDWG-term-review/issues/257,
samp_store_dur,258,https://github.com/FAIR-eDNA/FAIRe-GSC-TDWG-term-review/issues/258,
samp_store_loc,259,https://github.com/FAIR-eDNA/FAIRe-GSC-TDWG-term-review/issues/259,
samp_store_method_additional,260,https://github.com/FAIR-eDNA/FAIRe-GSC-TDWG-term-review/issues/260,
samp_store_sol,261,https://github.com/FAIR-eDNA/FAIRe-GSC-TDWG-term-review/issues/261,
samp_store_temp,262,https://github.com/FAIR-eDNA/FAIRe-GSC-TDWG-term-review/issues/262,
samp_vol_we_dna_ext,263,https://github.com/FAIR-eDNA/FAIRe-GSC-TDWG-term-review/issues/263,
samp_vol_we_dna_ext_unit,264,https://github.com/FAIR-eDNA/FAIRe-GSC-TDWG-term-review/issues/264,
samp_weather,265,https://github.com/FAIR-eDNA/FAIRe-GSC-TDWG-term-review/issues/265,
sample_composed_of,266,https://github.com/FAIR-eDNA/FAIRe-GSC-TDWG-term-review/issues/266,
sample_derived_from,267,https://github.com/FAIR-eDNA/FAIRe-GSC-TDWG-term-review/issues/267,
scientificName,268,https://github.com/FAIR-eDNA/FAIRe-GSC-TDWG-term-review/issues/268,
scientificNameAuthorship,269,https://github.com/FAIR-eDNA/FAIRe-GSC-TDWG-term-review/issues/269,
screen_contam_method,270,https://github.com/FAIR-eDNA/FAIRe-GSC-TDWG-term-review/issues/270,
screen_geograph_method,271,https://github.com/FAIR-eDNA/FAIRe-GSC-TDWG-term-review/issues/271,
screen_nontarget_method,272,https://github.com/FAIR-eDNA/FAIRe-GSC-TDWG-term-review/issues/272,
screen_other,273,https://github.com/FAIR-eDNA/FAIRe-GSC-TDWG-term-review/issues/273,
seq_id,274,https://github.com/FAIR-eDNA/FAIRe-GSC-TDWG-term-review/issues/274,
seq_kit,275,https://github.com/FAIR-eDNA/FAIRe-GSC-TDWG-term-review/issues/275,
seq_method_additional,276,https://github.com/FAIR-eDNA/FAIRe-GSC-TDWG-term-review/issues/276,
seq_run_id,277,https://github.com/FAIR-eDNA/FAIRe-GSC-TDWG-term-review/issues/277,
sequencing_location,278,https://github.com/FAIR-eDNA/FAIRe-GSC-TDWG-term-review/issues/278,
size_frac,279,https://github.com/FAIR-eDNA/FAIRe-GSC-TDWG-term-review/issues/279,
size_frac_low,280,https://github.com/FAIR-eDNA/FAIRe-GSC-TDWG-term-review/issues/280,
slope,281,https://github.com/FAIR-eDNA/FAIRe-GSC-TDWG-term-review/issues/281,
solar_irradiance,282,https://github.com/FAIR-eDNA/FAIRe-GSC-TDWG-term-review/issues/282,
sop_bioinformatics,283,https://github.com/FAIR-eDNA/FAIRe-GSC-TDWG-term-review/issues/283,
specificEpithet,284,https://github.com/FAIR-eDNA/FAIRe-GSC-TDWG-term-review/issues/284,
stationed_sample_dur,285,https://github.com/FAIR-eDNA/FAIRe-GSC-TDWG-term-review/issues/285,
std_conc,286,https://github.com/FAIR-eDNA/FAIRe-GSC-TDWG-term-review/issues/286,
std_conc_unit,287,https://github.com/FAIR-eDNA/FAIRe-GSC-TDWG-term-review/issues/287,
std_seq,288,https://github.com/FAIR-eDNA/FAIRe-GSC-TDWG-term-review/issues/288,
std_source,289,https://github.com/FAIR-eDNA/FAIRe-GSC-TDWG-term-review/issues/289,
std_type,290,https://github.com/FAIR-eDNA/FAIRe-GSC-TDWG-term-review/issues/290,
sterilise_method,291,https://github.com/FAIR-eDNA/FAIRe-GSC-TDWG-term-review/issues/291,
study_factor,292,https://github.com/FAIR-eDNA/FAIRe-GSC-TDWG-term-review/issues/292,
suspend_part_matter,293,https://github.com/FAIR-eDNA/FAIRe-GSC-TDWG-term-review/issues/293,
target_gene,296,https://github.com/FAIR-eDNA/FAIRe-GSC-TDWG-term-review/issues/296,
target_subfragment,297,https://github.com/FAIR-eDNA/FAIRe-GSC-TDWG-term-review/issues/297,
targeted_detection_method_additional,298,https://github.com/FAIR-eDNA/FAIRe-GSC-TDWG-term-review/issues/298,
targetTaxonomicAssay,294,https://github.com/FAIR-eDNA/FAIRe-GSC-TDWG-term-review/issues/294,
targetTaxonomicScope,295,https://github.com/FAIR-eDNA/FAIRe-GSC-TDWG-term-review/issues/295,
tax_assign_cat,299,https://github.com/FAIR-eDNA/FAIRe-GSC-TDWG-term-review/issues/299,
tax_class_collapse,300,https://github.com/FAIR-eDNA/FAIRe-GSC-TDWG-term-review/issues/300,
tax_class_id_cutoff,301,https://github.com/FAIR-eDNA/FAIRe-GSC-TDWG-term-review/issues/301,
tax_class_other,302,https://github.com/FAIR-eDNA/FAIRe-GSC-TDWG-term-review/issues/302,
tax_class_query_cutoff,303,https://github.com/FAIR-eDNA/FAIRe-GSC-TDWG-term-review/issues/303,
taxonID,341,https://github.com/FAIR-eDNA/FAIRe-GSC-TDWG-term-review/issues/341,
taxonID_db,340,https://github.com/FAIR-eDNA/FAIRe-GSC-TDWG-term-review/issues/340,
taxonRank,339,https://github.com/FAIR-eDNA/FAIRe-GSC-TDWG-term-review/issues/339,
technical_rep_id,338,https://github.com/FAIR-eDNA/FAIRe-GSC-TDWG-term-review/issues/338,
temp,337,https://github.com/FAIR-eDNA/FAIRe-GSC-TDWG-term-review/issues/337,
thermocycler,336,https://github.com/FAIR-eDNA/FAIRe-GSC-TDWG-term-review/issues/336,
thresholdQuantificationCycle,335,https://github.com/FAIR-eDNA/FAIRe-GSC-TDWG-term-review/issues/335,
tidal_stage,334,https://github.com/FAIR-eDNA/FAIRe-GSC-TDWG-term-review/issues/334,
tot_carb,333,https://github.com/FAIR-eDNA/FAIRe-GSC-TDWG-term-review/issues/333,
tot_carb_unit,332,https://github.com/FAIR-eDNA/FAIRe-GSC-TDWG-term-review/issues/332,
tot_depth_water_col,331,https://github.com/FAIR-eDNA/FAIRe-GSC-TDWG-term-review/issues/331,
tot_diss_nitro,330,https://github.com/FAIR-eDNA/FAIRe-GSC-TDWG-term-review/issues/330,
tot_diss_nitro_unit,329,https://github.com/FAIR-eDNA/FAIRe-GSC-TDWG-term-review/issues/329,
tot_inorg_nitro,328,https://github.com/FAIR-eDNA/FAIRe-GSC-TDWG-term-review/issues/328,
tot_inorg_nitro_unit,327,https://github.com/FAIR-eDNA/FAIRe-GSC-TDWG-term-review/issues/327,
tot_nitro,326,https://github.com/FAIR-eDNA/FAIRe-GSC-TDWG-term-review/issues/326,
tot_nitro_cont_meth,325,https://github.com/FAIR-eDNA/FAIRe-GSC-TDWG-term-review/issues/325,
tot_nitro_content,324,https://github.com/FAIR-eDNA/FAIRe-GSC-TDWG-term-review/issues/324,
tot_nitro_content_unit,323,https://github.com/FAIR-eDNA/FAIRe-GSC-TDWG-term-review/issues/323,
tot_nitro_unit,322,https://github.com/FAIR-eDNA/FAIRe-GSC-TDWG-term-review/issues/322,
tot_org_c_meth,321,https://github.com/FAIR-eDNA/FAIRe-GSC-TDWG-term-review/issues/321,
tot_org_carb,320,https://github.com/FAIR-eDNA/FAIRe-GSC-TDWG-term-review/issues/320,
tot_org_carb_unit,319,https://github.com/FAIR-eDNA/FAIRe-GSC-TDWG-term-review/issues/319,
tot_part_carb,318,https://github.com/FAIR-eDNA/FAIRe-GSC-TDWG-term-review/issues/318,
tot_part_carb_unit,317,https://github.com/FAIR-eDNA/FAIRe-GSC-TDWG-term-review/issues/317,
trim_method,316,https://github.com/FAIR-eDNA/FAIRe-GSC-TDWG-term-review/issues/316,
trim_param,315,https://github.com/FAIR-eDNA/FAIRe-GSC-TDWG-term-review/issues/315,
turbidity,314,https://github.com/FAIR-eDNA/FAIRe-GSC-TDWG-term-review/issues/314,
verbatimCoordinateSystem,313,https://github.com/FAIR-eDNA/FAIRe-GSC-TDWG-term-review/issues/313,
verbatimEventDate,312,https://github.com/FAIR-eDNA/FAIRe-GSC-TDWG-term-review/issues/312,
verbatimEventTime,311,https://github.com/FAIR-eDNA/FAIRe-GSC-TDWG-term-review/issues/311,
verbatimIdentification,310,https://github.com/FAIR-eDNA/FAIRe-GSC-TDWG-term-review/issues/310,
verbatimLatitude,309,https://github.com/FAIR-eDNA/FAIRe-GSC-TDWG-term-review/issues/309,
verbatimLongitude,308,https://github.com/FAIR-eDNA/FAIRe-GSC-TDWG-term-review/issues/308,
verbatimSRS,307,https://github.com/FAIR-eDNA/FAIRe-GSC-TDWG-term-review/issues/307,
water_current,306,https://github.com/FAIR-eDNA/FAIRe-GSC-TDWG-term-review/issues/306,
wind_direction,305,https://github.com/FAIR-eDNA/FAIRe-GSC-TDWG-term-review/issues/305,
wind_speed,304,https://github.com/FAIR-eDNA/FAIRe-GSC-TDWG-term-review/issues/304,
